{"Version":2,"SourceFileDate":133969028076153096,"Flags":["FL_BITMAP_COMPRESSION","FL_BITMAP_MIPMAP","FL_BITMAP_QUALITY_HIGH","FL_BITMAP_PRECOMPUTED_INV_AVG"],"InvAvgColor":[4.2552294731140137,10.200724601745605,1000000],"HasTransp":true}