{"Version":2,"SourceFileDate":133969051754354584,"Flags":["FL_BITMAP_COMPRESSION","FL_BITMAP_MIPMAP","FL_BITMAP_QUALITY_HIGH","FL_BITMAP_PRECOMPUTED_INV_AVG"],"InvAvgColor":[3.3495447635650635,8.0295867919921875,1000000],"HasTransp":true}