{"Version":2,"SourceFileDate":133969027627764077,"Flags":["FL_BITMAP_COMPRESSION","FL_BITMAP_MIPMAP","FL_BITMAP_QUALITY_HIGH","FL_BITMAP_PRECOMPUTED_INV_AVG"],"InvAvgColor":[3.2386448383331299,7.7637505531311035,1000000],"HasTransp":true}