{"Version":2,"SourceFileDate":133969027210338473,"Flags":["FL_BITMAP_COMPRESSION","FL_BITMAP_MIPMAP","FL_BITMAP_QUALITY_HIGH","FL_BITMAP_PRECOMPUTED_INV_AVG"],"InvAvgColor":[3.4983794689178467,8.3863925933837891,1000000],"HasTransp":true}