{"Version":2,"SourceFileDate":133969049471795179,"Flags":["FL_BITMAP_COMPRESSION","FL_BITMAP_MIPMAP","FL_BITMAP_QUALITY_HIGH","FL_BITMAP_PRECOMPUTED_INV_AVG"],"InvAvgColor":[3.5397450923919678,8.4855556488037109,1000000],"HasTransp":true}