{"Version":2,"SourceFileDate":133969049759570247,"Flags":["FL_BITMAP_COMPRESSION","FL_BITMAP_MIPMAP","FL_BITMAP_QUALITY_HIGH","FL_BITMAP_PRECOMPUTED_INV_AVG"],"InvAvgColor":[3.2740650177001953,7.8486604690551758,1000000],"HasTransp":true}