{"Version":2,"SourceFileDate":133969027333965079,"Flags":["FL_BITMAP_COMPRESSION","FL_BITMAP_MIPMAP","FL_BITMAP_QUALITY_HIGH","FL_BITMAP_PRECOMPUTED_INV_AVG"],"InvAvgColor":[3.2917649745941162,7.8910870552062988,1000000],"HasTransp":true}