{"Version":2,"SourceFileDate":133969026259246780,"Flags":["FL_BITMAP_COMPRESSION","FL_BITMAP_MIPMAP","FL_BITMAP_QUALITY_HIGH","FL_BITMAP_PRECOMPUTED_INV_AVG"],"InvAvgColor":[3.2148149013519287,7.7066173553466797,1000000],"HasTransp":true}