{"Version":2,"SourceFileDate":133969052339730531,"Flags":["FL_BITMAP_COMPRESSION","FL_BITMAP_MIPMAP","FL_BITMAP_QUALITY_HIGH","FL_BITMAP_PRECOMPUTED_INV_AVG"],"InvAvgColor":[3.5918269157409668,8.6104040145874023,1000000],"HasTransp":true}